,auc,brier,logloss,count,observations,occupancy_rate
0,0.9922660239815848,0.024297526597620904,0.10846346573650473,2665,972,0.3647279549718574
